<?xml version="1.0" encoding="UTF-8"?>
<rss version="2.0" xmlns:ror="http://rorweb.com/0.1/" >
<channel>
  <title>ROR Sitemap for https://bryanirp.github.io/</title>
  <link>https://bryanirp.github.io/</link>

<item>
     <link>https://bryanirp.github.io/</link>
     <title>ABKaspo Games Official</title>
     <description>ABKaspo Games Official</description>
     <ror:updatePeriod></ror:updatePeriod>
     <ror:sortOrder>0</ror:sortOrder>
     <ror:resourceOf>sitemap</ror:resourceOf>
</item>
<item>
     <link>https://bryanirp.github.io/index.html</link>
     <title>ABKaspo Games Official</title>
     <description>ABKaspo Games Official</description>
     <ror:updatePeriod></ror:updatePeriod>
     <ror:sortOrder>1</ror:sortOrder>
     <ror:resourceOf>sitemap</ror:resourceOf>
</item>
<item>
     <link>https://bryanirp.github.io/client-support.html</link>
     <title>ABKaspo Games Official - downloads</title>
     <description>ABKaspo Games Official - downloads</description>
     <ror:updatePeriod></ror:updatePeriod>
     <ror:sortOrder>1</ror:sortOrder>
     <ror:resourceOf>sitemap</ror:resourceOf>
</item>
<item>
     <link>https://bryanirp.github.io/download.html</link>
     <title>ABKaspo Games Official - downloads</title>
     <description>ABKaspo Games Official - downloads</description>
     <ror:updatePeriod></ror:updatePeriod>
     <ror:sortOrder>1</ror:sortOrder>
     <ror:resourceOf>sitemap</ror:resourceOf>
</item>
<item>
     <link>https://bryanirp.github.io/Packages/Docs/AURW%204%20Documetation.pdf</link>
     <title></title>
     
     <ror:updatePeriod></ror:updatePeriod>
     <ror:sortOrder>2</ror:sortOrder>
     <ror:resourceOf>sitemap</ror:resourceOf>
</item>
</channel>
</rss>
  