<?xml version="1.0" encoding="UTF-8"?>
<rss version="2.0" xmlns:ror="http://rorweb.com/0.1/" >
<channel>
  <title>ROR Sitemap for http://bryanirp.github.io/</title>
  <link>http://bryanirp.github.io/</link>

<item>
     <link>https://bryanirp.github.io/</link>
     <title>BryanIRP's web site</title>
     <description>BryanIRP's web site</description>
     <ror:updatePeriod></ror:updatePeriod>
     <ror:sortOrder>0</ror:sortOrder>
     <ror:resourceOf>sitemap</ror:resourceOf>
</item>
<item>
     <link>https://bryanirp.github.io/index.html</link>
     <title>BryanIRP's web site</title>
     <description>BryanIRP's web site</description>
     <ror:updatePeriod></ror:updatePeriod>
     <ror:sortOrder>1</ror:sortOrder>
     <ror:resourceOf>sitemap</ror:resourceOf>
</item>
<item>
     <link>https://bryanirp.github.io/blog.html</link>
     <title>BryanIRP's Blog</title>
     <description>BryanIRP's Blog</description>
     <ror:updatePeriod></ror:updatePeriod>
     <ror:sortOrder>1</ror:sortOrder>
     <ror:resourceOf>sitemap</ror:resourceOf>
</item>
<item>
     <link>https://bryanirp.github.io/download.html</link>
     <title>BryanIRP - Download</title>
     <description>BryanIRP - Download</description>
     <ror:updatePeriod></ror:updatePeriod>
     <ror:sortOrder>1</ror:sortOrder>
     <ror:resourceOf>sitemap</ror:resourceOf>
</item>
<item>
     <link>https://bryanirp.github.io/ABKaspo/index.html</link>
     <title>ABKaspo Games Official</title>
     <description>ABKaspo Games Official</description>
     <ror:updatePeriod></ror:updatePeriod>
     <ror:sortOrder>1</ror:sortOrder>
     <ror:resourceOf>sitemap</ror:resourceOf>
</item>
<item>
     <link>https://bryanirp.github.io/ABKaspo/client-support.html</link>
     <title>ABKaspo Games Official - downloads</title>
     <description>ABKaspo Games Official - downloads</description>
     <ror:updatePeriod></ror:updatePeriod>
     <ror:sortOrder>2</ror:sortOrder>
     <ror:resourceOf>sitemap</ror:resourceOf>
</item>
<item>
     <link>https://bryanirp.github.io/ABKaspo/download.html</link>
     <title>ABKaspo Games Official - downloads</title>
     <description>ABKaspo Games Official - downloads</description>
     <ror:updatePeriod></ror:updatePeriod>
     <ror:sortOrder>2</ror:sortOrder>
     <ror:resourceOf>sitemap</ror:resourceOf>
</item>
</channel>
</rss>
  